{"execution_time": [11.05958646199997, 9.216064155000026, 9.162063675999889, 9.560023159000139, 9.34196729700011, 9.582146465999813, 9.406223169999976, 9.231946392999816, 9.374411519999967, 9.640776242000129, 9.543409699999984, 9.306696154000065, 9.267361436000101, 9.244515865999801, 9.310797377000199, 9.30240998599993, 9.311223340999959, 9.268711380000013, 9.56108227499999, 9.525652226000147, 9.60140302900004, 9.462326286999996, 9.353238167999962, 9.279296480000085, 9.310528348000162, 9.225053717000037, 9.299444156000163, 9.26251560300011, 9.330313213999943, 9.30043231600007, 9.298938184999997, 9.243592129000035, 9.230104631000131, 9.247219829999949, 9.23785252399989, 9.218754849999868, 9.243293229000074, 9.243029836999995, 9.258416919999945, 9.231771270000081, 9.239824954000142, 9.22336839500008, 9.280477506999887, 9.263710726999989, 9.268659080999896, 9.23766625799999, 9.274160908000113, 9.248699991000194, 9.228310299999976, 9.229310012000042, 9.25529076099997], "loss_history": [-0.5908187499642372, -0.7601393675804138, -0.7731816983222961, -0.7773646807670593, -0.7764355850219726, -0.7804691457748413, -0.7796387672424316, -0.780896053314209, -0.777421567440033, -0.7779512429237365, -0.7786987257003785, -0.7832961773872376, -0.7807780289649964, -0.7769475674629212, -0.7827673578262329, -0.7791757655143737, -0.7802945065498352, -0.7809564018249512, -0.7794739627838134, -0.782378659248352, -0.7777322173118592, -0.7817790389060975, -0.7803850269317627, -0.7790169215202332, -0.7794156837463379, -0.781540515422821, -0.7836698722839356, -0.7809409976005555, -0.7833952450752258, -0.7823770022392273, -0.7827689170837402, -0.7800807428359985, -0.7834219312667847, -0.7789310479164123, -0.7771455550193787, -0.7795124173164367, -0.7824048805236816, -0.780026707649231, -0.7805196475982666, -0.7779501676559448, -0.7822935056686401, -0.7820576024055481, -0.779482388496399, -0.7829522013664245, -0.7829506993293762, -0.7805543565750122, -0.7802720642089844, -0.7808465981483459, -0.7768817043304443, -0.7802916407585144, -0.7810536742210388], "val_loss_history": [-0.7295916676521301, -0.7388356328010559, -0.7522410750389099, -0.7532992959022522, -0.7508757710456848, -0.7533037662506104, -0.7551971673965454, -0.754949688911438, -0.7542529106140137, -0.7553153038024902, -0.755553126335144, -0.7547097206115723, -0.7548267245292664, -0.7552621960639954, -0.7552912831306458, -0.7555415630340576, -0.7558117508888245, -0.7552273273468018, -0.7532733678817749, -0.7550085186958313, -0.7540691494941711, -0.7560151815414429, -0.7557970881462097, -0.7537087798118591, -0.7558808326721191, -0.7544001340866089, -0.755475640296936, -0.7553753852844238, -0.7559006810188293, -0.7559442520141602, -0.754912793636322, -0.7556732892990112, -0.7559915781021118, -0.7553545236587524, -0.7553613781929016, -0.755222737789154, -0.7551820874214172, -0.7555837035179138, -0.7550501823425293, -0.7549312710762024, -0.7559095025062561, -0.7546504139900208, -0.7544389963150024, -0.7557576298713684, -0.7538712620735168, -0.7545965909957886, -0.7550534009933472, -0.7554389238357544, -0.7521209716796875, -0.7556127905845642, -0.7552690505981445], "device": "cuda", "torch_config": "PyTorch built with:\n  - GCC 13.3\n  - C++ Version: 201703\n  - Intel(R) oneAPI Math Kernel Library Version 2024.2-Product Build 20240605 for Intel(R) 64 architecture applications\n  - Intel(R) MKL-DNN v3.7.1 (Git Hash 8d263e693366ef8db40acc569cc7d8edf644556d)\n  - OpenMP 201511 (a.k.a. OpenMP 4.5)\n  - LAPACK is enabled (usually provided by MKL)\n  - NNPACK is enabled\n  - CPU capability usage: AVX2\n  - CUDA Runtime 12.8\n  - NVCC architecture flags: -gencode;arch=compute_70,code=sm_70;-gencode;arch=compute_75,code=sm_75;-gencode;arch=compute_80,code=sm_80;-gencode;arch=compute_86,code=sm_86;-gencode;arch=compute_90,code=sm_90;-gencode;arch=compute_100,code=sm_100;-gencode;arch=compute_120,code=sm_120\n  - CuDNN 91.0.2  (built against CUDA 12.9)\n  - Magma 2.6.1\n  - Build settings: BLAS_INFO=mkl, BUILD_TYPE=Release, COMMIT_SHA=449b1768410104d3ed79d3bcfe4ba1d65c7f22c0, CUDA_VERSION=12.8, CUDNN_VERSION=9.10.2, CXX_COMPILER=/opt/rh/gcc-toolset-13/root/usr/bin/c++, CXX_FLAGS= -fvisibility-inlines-hidden -DUSE_PTHREADPOOL -DNDEBUG -DUSE_KINETO -DLIBKINETO_NOROCTRACER -DLIBKINETO_NOXPUPTI=ON -DUSE_FBGEMM -DUSE_FBGEMM_GENAI -DUSE_PYTORCH_QNNPACK -DUSE_XNNPACK -DSYMBOLICATE_MOBILE_DEBUG_HANDLE -O2 -fPIC -DC10_NODEPRECATED -Wall -Wextra -Werror=return-type -Werror=non-virtual-dtor -Werror=range-loop-construct -Werror=bool-operation -Wnarrowing -Wno-missing-field-initializers -Wno-unknown-pragmas -Wno-unused-parameter -Wno-strict-overflow -Wno-strict-aliasing -Wno-stringop-overflow -Wsuggest-override -Wno-psabi -Wno-error=old-style-cast -faligned-new -Wno-maybe-uninitialized -fno-math-errno -fno-trapping-math -Werror=format -Wno-dangling-reference -Wno-error=dangling-reference -Wno-stringop-overflow, LAPACK_INFO=mkl, PERF_WITH_AVX=1, PERF_WITH_AVX2=1, TORCH_VERSION=2.10.0, USE_CUDA=ON, USE_CUDNN=ON, USE_CUSPARSELT=1, USE_GFLAGS=OFF, USE_GLOG=OFF, USE_GLOO=ON, USE_MKL=ON, USE_MKLDNN=ON, USE_MPI=OFF, USE_NCCL=1, USE_NNPACK=ON, USE_OPENMP=ON, USE_ROCM=OFF, USE_ROCM_KERNEL_ASSERT=OFF, USE_XCCL=OFF, USE_XPU=OFF, \n", "torch_num_threads": 8, "torch_seed": 42}